FirstName,LastName,Email,Phone,PlanInfo,CreatedOn,UpdatedOn,paymentAmount,LastService,ServiceLocation,PurchaseType,CustomerType,paymentDate,paymentDueDate,isPaymentDone,Id
Jaylon,Richmond,JaylonRichmond@testmail.com,582-333-1857,prime,2021-11-19 18:30:00.0000000,1900-11-06 00:00:00.0000000,200,2021-08-14 18:30:00,1.290270, 103.851959,S,AS,2021-08-14 18:30:00,2021-08-14 18:30:00,Y,1
Lilia,Potts,LiliaPotts@testmail.com,301-861-7214,prime,2021-11-20 18:30:00.0000000,1900-11-06 00:00:00.0000000,200,2021-08-15 18:30:00,1.250111, 103.830933,S,AS,2021-08-15 18:30:00,2021-08-15 18:30:00,Y,2
Chad,Blackburn,ChadBlackburn@testmail.com,320-740-1256,prime,2021-08-21 18:30:00.0000000,1900-11-06 00:00:00.0000000,200,2021-08-16 18:30:00,1.282375, 103.864273,S,AS,2021-08-16 18:30:00,2021-08-16 18:30:00,Y,3
Gianni,Hunter,GianniHunter@testmail.com,208-921-3742,prime,2021-11-22 18:30:00.0000000,1900-11-06 00:00:00.0000000,200,2021-08-17 18:30:00,1.369115, 103.845436,S,AS,2021-08-17 18:30:00,2021-08-17 18:30:00,Y,4
Braydon,Deleon,BraydonDeleon@testmail.com,313-526-3509,prime,2021-11-25 18:30:00.0000000,1900-11-06 00:00:00.0000000,200,2021-08-19 18:30:00,1.345010, 103.983208,S,AS,2021-08-19 18:30:00,2021-08-19 18:30:00,Y,5
Liberty,Austin,LibertyAustin@testmail.com,518-314-4109,prime,2021-11-26 18:30:00.0000000,1900-11-06 00:00:00.0000000,200,2021-08-18 18:30:00,1.371778, 103.893059,S,AS,2021-08-18 18:30:00,2021-08-18 18:30:00,Y,6
Abraham,Landry,AbrahamLandry@testmail.com,505-933-6664,prime,2021-08-26 18:30:00.0000000,1900-11-06 00:00:00.0000000,500,2021-08-21 18:30:00,1.282302, 103.858528,S,AS,2021-08-21 18:30:00,2021-08-21 18:30:00,Y,7
Travis,Ryan,TravisRyan@testmail.com,408-490-4699,prime,2021-08-29 18:30:00.0000000,1900-11-06 00:00:00.0000000,500,2021-08-24 18:30:00,1.304833, 103.831833,S,AS,2021-08-24 18:30:00,2021-08-24 18:30:00,Y,8
Sabrina,Booth,SabrinaBooth@testmail.com,582-333-7305,prime,2021-09-01 18:30:00.0000000,1900-11-06 00:00:00.0000000,500,2021-08-27 18:30:00,43.664398, 7.148900,S,AS,2021-08-27 18:30:00,2021-08-27 18:30:00,Y,9
Larissa,Freeman,LarissaFreeman@testmail.com,582-201-1859,prime,2021-08-28 18:30:00.0000000,1900-11-06 00:00:00.0000000,500,2021-08-23 18:30:00,1.420181, 103.864555,S,AS,2021-08-23 18:30:00,2021-08-23 18:30:00,Y,10
Karli,Lynch,KarliLynch@testmail.com,505-644-5580,prime,2021-09-02 18:30:00.0000000,1900-11-06 00:00:00.0000000,500,2021-08-28 18:30:00,1.463780, 103.801811,S,AS,2021-08-28 18:30:00,2021-08-28 18:30:00,Y,11
Charlotte,Trevino,CharlotteTrevino@testmail.com,202-459-3258,prime,2021-09-03 18:30:00.0000000,1900-11-06 00:00:00.0000000,500,2021-08-29 18:30:00,1.287620, 103.861000,S,AS,2021-08-29 18:30:00,2021-08-29 18:30:00,Y,12
Andres,Christian,AndresChristian@testmail.com,207-857-0512,prime,2021-09-06 18:30:00.0000000,1900-11-06 00:00:00.0000000,500,2021-09-01 18:30:00,1.297588, 103.854309,O,OT,2021-09-01 18:30:00,2021-09-01 18:30:00,Y,13
Rey,Evans,ReyEvans@testmail.com,582-333-7422,prime,2021-09-05 18:30:00.0000000,1900-11-06 00:00:00.0000000,360,2021-08-31 18:30:00,1.288710, 103.837372,O,OT,2021-08-31 18:30:00,2021-08-31 18:30:00,Y,14
Jacob,Day,JacobDay@testmail.com,312-349-7368,prime,2021-09-07 18:30:00.0000000,1900-11-06 00:00:00.0000000,360,2021-09-02 18:30:00,1.292307, 103.850441,O,OT,2021-09-02 18:30:00,2021-09-02 18:30:00,Y,15
Precious,Contreras,PreciousContreras@testmail.com,214-813-8935,prime,2021-09-10 18:30:00.0000000,1900-11-06 00:00:00.0000000,360,2021-09-05 18:30:00,1.369309, 103.848351,O,OT,2021-09-05 18:30:00,2021-09-05 18:30:00,Y,16
Skye,Mayo,SkyeMayo@testmail.com,219-416-2395,prime,2021-09-11 18:30:00.0000000,1900-11-06 00:00:00.0000000,360,2021-09-06 18:30:00,1.294444, 103.846947,O,OT,2021-09-06 18:30:00,2021-09-06 18:30:00,Y,17
Cindy,Calhoun,CindyCalhoun@testmail.com,502-831-4832,prime,2021-09-13 18:30:00.0000000,1900-11-06 00:00:00.0000000,360,2021-09-08 18:30:00,1.307222, 103.819725,O,OT,2021-09-08 18:30:00,2021-09-08 18:30:00,Y,18
Sheldon,Petersen,SheldonPetersen@testmail.com,505-656-6355,prime,2021-09-15 18:30:00.0000000,1900-11-06 00:00:00.0000000,360,2021-09-10 18:30:00,1.307222, 103.819725,O,OT,2021-09-10 18:30:00,2021-09-10 18:30:00,Y,19
Maximo,Lowe,MaximoLowe@testmail.com,217-341-4391,prime,2021-09-16 18:30:00.0000000,1900-11-06 00:00:00.0000000,360,2021-09-11 18:30:00,1.307222, 103.819725,O,OT,2021-09-11 18:30:00,2021-09-11 18:30:00,Y,20
Mitchell,Dillon,MitchellDillon@testmail.com,582-333-1857,prime,2021-10-31 00:00:00.0000000,1900-11-06 00:00:00.0000000,360,2021-10-24 00:00:00,1.307222, 103.819725,S,SO,,2021-10-24 00:00:00,D,21
Bryan,Buck,BryanBuck@testmail.com,582-333-1857,prime,2021-11-02 00:00:00.0000000,1900-11-06 00:00:00.0000000,360,2021-10-26 00:00:00,1.307222, 103.819725,S,SO,,2021-10-26 00:00:00,D,22
Myla,Day,MylaDay@testmail.com,582-333-1857,prime,2021-11-01 00:00:00.0000000,1900-11-06 00:00:00.0000000,450,2021-10-25 00:00:00,1.307222, 103.819725,S,SO,,2021-10-25 00:00:00,D,23
Terrell,Allison,TerrellAllison@testmail.com,582-333-1857,prime,2021-11-04 00:00:00.0000000,1900-11-06 00:00:00.0000000,450,2021-10-28 00:00:00,43.664398, 7.148900,S,SO,,2021-10-28 00:00:00,D,24
Karlee,Wu,KarleeWu@testmail.com,582-333-1857,prime,2021-11-06 00:00:00.0000000,1900-11-06 00:00:00.0000000,450,2021-10-30 00:00:00,43.664398, 7.148900,S,SO,,2021-10-30 00:00:00,D,25
Mary,Hammond,MaryHammond@testmail.com,582-333-1857,prime,2021-11-07 00:00:00.0000000,1900-11-06 00:00:00.0000000,450,2021-10-31 00:00:00,43.664398, 7.148900,S,SO,,2021-10-31 00:00:00,D,26
Rodney,Pearson,RodneyPearson@testmail.com,582-333-1857,prime,2021-11-10 00:00:00.0000000,1900-11-06 00:00:00.0000000,450,2021-11-03 00:00:00,43.664398, 7.148900,S,SO,,2021-11-03 00:00:00,D,27
Amelia,Boyer,AmeliaBoyer@testmail.com,582-333-1857,prime,2021-11-11 00:00:00.0000000,1900-11-06 00:00:00.0000000,450,2021-11-04 00:00:00,43.664398, 7.148900,S,SO,,2021-11-04 00:00:00,D,28
Gavin,Dixon,GavinDixon@testmail.com,582-333-1857,prime,2021-11-12 00:00:00.0000000,1900-11-06 00:00:00.0000000,450,2021-11-05 00:00:00,43.664398, 7.148900,S,SO,,2021-11-05 00:00:00,D,29
Darren,Cervantes,DarrenCervantes@testmail.com,582-333-1857,prime,2021-11-16 00:00:00.0000000,1900-11-06 00:00:00.0000000,450,2021-11-09 00:00:00,43.664398, 7.148900,N,L,,2021-11-09 00:00:00,N,30
Tamara,Hanson,TamaraHanson@testmail.com,582-333-1857,prime,2021-11-17 00:00:00.0000000,1900-11-06 00:00:00.0000000,450,2021-11-10 00:00:00,43.664398, 7.148900,N,L,,2021-11-10 00:00:00,N,31
Averie,Parrish,AverieParrish@testmail.com,582-333-1857,prime,2021-11-15 00:00:00.0000000,1900-11-06 00:00:00.0000000,450,2021-11-08 00:00:00,43.664398, 7.148900,N,L,,2021-11-08 00:00:00,N,32
Jane,Maldonado,JaneMaldonado@testmail.com,582-300-9144,prime,2021-08-25 18:30:00.0000000,1900-11-06 00:00:00.0000000,560,2021-08-20 18:30:00,1.371778, 103.893059,S,AS,,2021-08-20 18:30:00,N,33
Bailee,Park,BaileePark@testmail.com,207-424-4015,prime,2021-08-30 18:30:00.0000000,1900-11-06 00:00:00.0000000,560,2021-08-25 18:30:00,1.347026, 103.724052,S,AS,,2021-08-25 18:30:00,N,34
Collin,Serrano,CollinSerrano@testmail.com,308-420-1693,prime,2021-09-04 18:30:00.0000000,1900-11-06 00:00:00.0000000,560,2021-08-30 18:30:00,1.254975, 103.817596,O,OT,,2021-08-30 18:30:00,N,35
Brady,Lam,BradyLam@testmail.com,313-464-8364,prime,2021-09-09 18:30:00.0000000,1900-11-06 00:00:00.0000000,560,2021-09-04 18:30:00,43.664398, 7.148900,O,OT,,2021-09-04 18:30:00,N,36
Dustin,Branch,DustinBranch@testmail.com,209-717-4925,prime,2021-09-14 18:30:00.0000000,1900-11-06 00:00:00.0000000,560,2021-09-09 18:30:00,1.307222, 103.819725,O,OT,,2021-09-09 18:30:00,N,37
Luciana,Cordova,LucianaCordova@testmail.com,582-333-1857,prime,2021-10-30 00:00:00.0000000,1900-11-06 00:00:00.0000000,560,2021-10-23 00:00:00,1.307222, 103.819725,O,OT,,2021-10-23 00:00:00,N,38
Garrett,Benitez,GarrettBenitez@testmail.com,582-333-1857,prime,2021-11-05 00:00:00.0000000,1900-11-06 00:00:00.0000000,560,2021-10-29 00:00:00,1.307222, 103.819725,S,SW,,2021-10-29 00:00:00,N,39
Ean,Patel,EanPatel@testmail.com,582-333-1857,prime,2021-11-09 00:00:00.0000000,1900-11-06 00:00:00.0000000,560,2021-11-02 00:00:00,43.664398, 7.148900,S,SW,,2021-11-02 00:00:00,N,40
Tony,Dillon,TonyDillon@testmail.com,582-333-1857,prime,2021-11-13 00:00:00.0000000,1900-11-06 00:00:00.0000000,560,2021-11-06 00:00:00,43.664398, 7.148900,N,L,,2021-11-06 00:00:00,N,41
Raven,Davenport,RavenDavenport@testmail.com,582-333-1857,prime,2021-11-18 00:00:00.0000000,1900-11-06 00:00:00.0000000,560,2021-11-11 00:00:00,43.664398, 7.148900,N,L,,2021-11-11 00:00:00,N,42
Kaylynn,Petty,KaylynnPetty@testmail.com,229-835-6548,prime,2021-08-27 18:30:00.0000000,1900-11-06 00:00:00.0000000,560,2021-08-22 18:30:00,1.296568, 103.852119,S,AS,,2021-08-22 18:30:00,N,43
Marcel,Shaffer,MarcelShaffer@testmail.com,582-200-3516,prime,2021-09-12 18:30:00.0000000,1900-11-06 00:00:00.0000000,560,2021-09-07 18:30:00,1.294444, 103.846947,O,OT,,2021-09-07 18:30:00,N,44
Coleman,Munoz,ColemanMunoz@testmail.com,582-333-1857,prime,2021-11-03 00:00:00.0000000,1900-11-06 00:00:00.0000000,650,2021-10-27 00:00:00,1.307222, 103.819725,S,SW,,2021-10-27 00:00:00,N,45
Brynn,Short,BrynnShort@testmail.com,582-333-1857,prime,2021-11-14 00:00:00.0000000,1900-11-06 00:00:00.0000000,650,2021-11-07 00:00:00,43.664398, 7.148900,N,L,,2021-11-07 00:00:00,N,46
Liberty,Roberts,LibertyRoberts@testmail.com,505-702-5256,prime,2021-08-31 18:30:00.0000000,1900-11-06 00:00:00.0000000,650,2021-08-26 18:30:00,1.293494, 103.857170,S,AS,,2021-08-26 18:30:00,N,47
Dominic,Choi,DominicChoi@testmail.com,224-825-2322,prime,2021-09-08 18:30:00.0000000,1900-11-06 00:00:00.0000000,650,2021-09-03 18:30:00,1.293354, 103.853561,O,OT,,2021-09-03 18:30:00,N,48
Alexis,Glenn,AlexisGlenn@testmail.com,205-775-6537,prime,2021-09-17 18:30:00.0000000,1900-11-06 00:00:00.0000000,650,2021-09-12 18:30:00,1.307222, 103.819725,O,OT,,2021-09-12 18:30:00,N,49
Kennedy,Zimmerman,KennedyZimmerman@testmail.com,582-333-1857,prime,2021-11-08 00:00:00.0000000,1900-11-06 00:00:00.0000000,650,2021-11-01 00:00:00,43.664398, 7.148900,S,SW,,2021-11-01 00:00:00,N,50
John,Doe,azarudheen@testmail.com,654853546,NA,2021-12-01 18:54:46.7380000,2021-12-01 18:54:46.7380000,NA,,Location,NA,L,,,NA,57
